source_influencer,total_following,username,ig_user_id,full_name,scraped_at
thedodomen,342,2uncle987,2113732341,嘎嫂二伯,2026-02-04 17:36:45
thedodomen,342,rayduenglish,288968436,阿滴,2026-02-04 17:36:45
thedodomen,342,imayday55555,6900417580,五月天 Mayday,2026-02-04 17:36:45
thedodomen,342,iammissga,5580690141,嘎老師 Miss Ga | 歌唱教學 | YouTuber,2026-02-04 17:36:45
thedodomen,342,huang45490,4354947072,哲哲 ZHE,2026-02-04 17:36:45
thedodomen,342,moroccoexploreadventure,17547521359,Morocco Explore Adventure,2026-02-04 17:36:45
thedodomen,342,linchiauwang_jewel,3322241539,LIN CHIAU WANG 王琳喬,2026-02-04 17:36:45
thedodomen,342,specsome2022,53350374835,有特色的帥哥,2026-02-04 17:36:45
thedodomen,342,dodomen_dolphins,48165569132,𝘿𝙤𝙡𝙥𝙝𝙞𝙣𝙨’ 𝙘𝙡𝙪𝙗 🐬,2026-02-04 17:36:45
thedodomen,342,ambermusic221,8418463342,AMBER LU,2026-02-04 17:36:45
thedodomen,342,mayday_stone,1403664377,MAYDAY STONE,2026-02-04 17:36:45
thedodomen,342,foodpanda_taiwan,1412692446,foodpanda Taiwan,2026-02-04 17:36:45
thedodomen,342,david2695g,2203775461,Tang Bao,2026-02-04 17:36:45
thedodomen,342,sonypicturestw,3136602866,Sony Pictures 索尼影業,2026-02-04 17:36:45
thedodomen,342,gopro_taiwan,1514142612,GoPro 台灣粉絲團,2026-02-04 17:36:45
thedodomen,342,heineken_tw,11712080100,海尼根,2026-02-04 17:36:45
thedodomen,342,an_chan_98,53585822,Enson,2026-02-04 17:36:45
thedodomen,342,daptoper,9242692067,有感筆電 Daptoper,2026-02-04 17:36:45
thedodomen,342,wumamiiiig,41965586194,門前隱味牛肉麵,2026-02-04 17:36:45
thedodomen,342,ellsonliao,451605523,怡塵 全民試車手🚘,2026-02-04 17:36:45
thedodomen,342,kudream,1951468493,Ku,2026-02-04 17:36:45
thedodomen,342,tumazapparel,17041697466,Tumaz Apparel ®｜專業機能｜休閒運動服飾品牌,2026-02-04 17:36:45
thedodomen,342,nauticataiwan,58418494973,Nautica Taiwan,2026-02-04 17:36:45
thedodomen,342,brianptseng,3639488180,曾博恩 Brian Tseng,2026-02-04 17:36:45
thedodomen,342,katiasusu,246458834,Katia,2026-02-04 17:36:45
thedodomen,342,amazingtalker.show,48576601407,驚奇玩起來｜AmazingTalker Show,2026-02-04 17:36:45
thedodomen,342,taitaihome,1953124172,邰智源 邰邰的IG,2026-02-04 17:36:45
thedodomen,342,weibirdmusic,2237781422,WeiBird 韋禮安,2026-02-04 17:36:45
thedodomen,342,crowd520,3054913485,眾量級 CROWD,2026-02-04 17:36:45
thedodomen,342,mikadoquartz.tw,48303350329,Mikado Quartz 帝雉石｜Saiens山恩,2026-02-04 17:36:45
thedodomen,342,bigcat1130,638279,花蓮•深夜食堂-更名為「蒔夜壽司」,2026-02-04 17:36:45
thedodomen,342,elephantdee,1359749783,Dee,2026-02-04 17:36:45
thedodomen,342,bonjour.louis,333041115,Bonjour Louis! 我是路易,2026-02-04 17:36:45
thedodomen,342,dcard.video,32350728987,Dcard Video|影音團隊的秘密後花園,2026-02-04 17:36:45
thedodomen,342,peeta.taketake,25463056361,Peeta TakeTake,2026-02-04 17:36:45
thedodomen,342,kaochishun,9284817714,高啟舜,2026-02-04 17:36:45
thedodomen,342,mosseri,95561,Adam Mosseri,2026-02-04 17:36:45
thedodomen,342,flowwithkatie,6834514995,Flow With Katie 凱蒂瑜伽,2026-02-04 17:36:45
thedodomen,342,baisiang.c,4002144977,百祥,2026-02-04 17:36:45
thedodomen,342,da_chien_huang,40500436,黃大謙,2026-02-04 17:36:45
thedodomen,342,funkydance_pan,8547925211,潘若迪＿Funky Dance,2026-02-04 17:36:45
thedodomen,342,taipei_rider,35134172691,台北騎士 Taipei Rider,2026-02-04 17:36:45
thedodomen,342,wumamiiig,6050511018,門前隱味牛肉麵✘大叔,2026-02-04 17:36:45
thedodomen,342,aka.chairman,31045102302,Chairman椅人,2026-02-04 17:36:45
thedodomen,342,lifeintaiwan2017,5315998682,Lifeintaiwan,2026-02-04 17:36:45
thedodomen,342,walkbelljohn,52171559582,走鐘獎｜Walk Bell John Awards,2026-02-04 17:36:45
thedodomen,342,tai_tzuying,5624551919,戴資穎/Tai Tzu Ying,2026-02-04 17:36:45
thedodomen,342,enzo_dellafemmina,52764692630,Enzo Della Femmina 🦂🇫🇷🇮🇹,2026-02-04 17:36:45
thedodomen,342,mittentomunich,8421163229,Mitten To Munich 〽️➡️🇩🇪,2026-02-04 17:36:45
thedodomen,342,styderbespoke,5693394019,𝙎𝙏𝙔𝘿𝙀𝙍,2026-02-04 17:36:45
thedodomen,342,mrnigelng,6218865912,Nigel Ng (Uncle Roger),2026-02-04 17:36:45
thedodomen,342,okolea_mtaa_foundation,47154301820,Okolea Mtaa Foundation,2026-02-04 17:36:45
thedodomen,342,ashin_ig,8176338037,五月天 阿信,2026-02-04 17:36:45
thedodomen,342,sallyhsieh_0228,408528924,香香 謝香畦사향희,2026-02-04 17:36:45
thedodomen,342,mandarinwithpeggy,48428789555,Peggy Chen | YouTube 【Peggy Fo Show】,2026-02-04 17:36:45
thedodomen,342,riceandshine.co,851583,Yun Chou,2026-02-04 17:36:45
thedodomen,342,mika_ontheroad,321659259,謎卡 Mika Lin,2026-02-04 17:36:45
thedodomen,342,arielsvlog_816,8320554996,欸你這週要幹嘛,2026-02-04 17:36:45
thedodomen,342,lene.stagram,520271085,🌻Charlene.00,2026-02-04 17:36:45
thedodomen,342,songannelin,332064928,林頌安,2026-02-04 17:36:45
thedodomen,342,osn.osn,1245384508,高爾宣 OSN,2026-02-04 17:36:45
thedodomen,342,binlin1305,1016951959,壹比零 Rio,2026-02-04 17:36:45
thedodomen,342,zoebitalk,7376429059,#肉比頭 #用奇怪方式環遊世界的情侶,2026-02-04 17:36:45
thedodomen,342,badtimestories365,10511802276,床編故事 Bad Time Stories,2026-02-04 17:36:45
thedodomen,342,muyao4,5422332449,木曜4超玩,2026-02-04 17:36:45
thedodomen,342,issytpc,4149514323,ISSY,2026-02-04 17:36:45
thedodomen,342,jam_hsiao0330,1802745185,蕭敬騰 Jam Hsiao love Summer,2026-02-04 17:36:45
thedodomen,342,sunnyboyyy,205729694,Sunny Wang 王陽明,2026-02-04 17:36:45
thedodomen,342,raydudaily,5611724936,阿滴日常,2026-02-04 17:36:45
thedodomen,342,kiehlstw,1919304825,Kiehl’s 契爾氏台灣 Since 1851,2026-02-04 17:36:45
thedodomen,342,ligonpenha,459531415,🍒강이진,2026-02-04 17:36:45
thedodomen,342,qoop1113,315540148,聖結石Saint,2026-02-04 17:36:45
thedodomen,342,jf_official,3317447922,𝗝𝗮𝘀𝗼𝗻 𝗙𝘂,2026-02-04 17:36:45
thedodomen,342,ggu__kim,1417260337,金針菇🇰🇷쩐꾸,2026-02-04 17:36:45
thedodomen,342,thechef_fred,8071917422,Fred Hsu,2026-02-04 17:36:45
thedodomen,342,liangjheruei,525069112,哲睿Jerry｜跑步教練,2026-02-04 17:36:45
thedodomen,342,jojogarland,1014909754,Joanna Garland 葛藍喬安娜,2026-02-04 17:36:45
thedodomen,342,emma_cheng__,287793710,Emma Cheng,2026-02-04 17:36:45
thedodomen,342,jesslee.ig,52693885,李佳薇 Jess Lee,2026-02-04 17:36:45
thedodomen,342,r850817,1828298761,李俊成,2026-02-04 17:36:45
thedodomen,342,hanhanpovideo,6033704723,阿翰po影片,2026-02-04 17:36:45
thedodomen,342,jlin7,281208646,Jeremy Lin 林書豪,2026-02-04 17:36:45
thedodomen,342,gino.termeulen,37146956202,𝕲𝖎𝖓𝖔,2026-02-04 17:36:45
thedodomen,342,blackmancupid,398372909,黑男邱比特,2026-02-04 17:36:45
thedodomen,342,redbulltaiwan,515818918,Red Bull Taiwan,2026-02-04 17:36:45
thedodomen,342,yanrouya,22926327490,眼肉芽,2026-02-04 17:36:45
thedodomen,342,shinemeimei,18883628825,,2026-02-04 17:36:45
thedodomen,342,zzzzzyi_,1546382732,知知,2026-02-04 17:36:45
thedodomen,342,chang_ricky_life,3066957293,Ricky｜營養師｜減脂結合生活,2026-02-04 17:36:45
thedodomen,342,marc_orange,1925861927,"歐馬克 ｜ 馬克信箱, 馬克說書",2026-02-04 17:36:45
thedodomen,342,huber0203,1133813085,Howwork X 六指淵,2026-02-04 17:36:45
thedodomen,342,cynthiachen25,229865911,Cynthia,2026-02-04 17:36:45
thedodomen,342,chuchushoetw,550588842,啾啾鞋,2026-02-04 17:36:45
thedodomen,342,miisteros,1816199928,miisteros.© 米斯特,2026-02-04 17:36:45
thedodomen,342,goldfishbrain17,4682134784,金魚腦❤️,2026-02-04 17:36:45
thedodomen,342,georgiakategordon,178126687,🇭🇰Georgia Gordon,2026-02-04 17:36:45
thedodomen,342,onionman__,1981431196,洋蔥先生與阿文,2026-02-04 17:36:45
thedodomen,342,edgarqbp,633706407,Edgar Lopez Hernandez,2026-02-04 17:36:45
thedodomen,342,momoleelee,435560660,陶晶瑩,2026-02-04 17:36:45
thedodomen,342,gqtaiwan,1371344513,GQ Taiwan,2026-02-04 17:36:45
thedodomen,342,anechka_annie,1319922702,Anechka Marchenko 安妮,2026-02-04 17:36:45
thedodomen,342,shangkuan1996,353195744,Kuan,2026-02-04 17:36:45
thedodomen,342,leeleezen,474345679,李李仁,2026-02-04 17:36:45
thedodomen,342,pierreliupei,8555819,劉沛 Pierre,2026-02-04 17:36:45
thedodomen,342,c546666,1696403160,理想混蛋 - 雞丁 Kidding（邱建豪）,2026-02-04 17:36:45
thedodomen,342,alanwalkermusic,667249073,Alan Walker,2026-02-04 17:36:45
thedodomen,342,_19981005_,1064211569,曾珮晨,2026-02-04 17:36:45
thedodomen,342,joemanweng,360484090,Joeman  九妹,2026-02-04 17:36:45
thedodomen,342,nanaciaociao,313471712,一隻阿圓,2026-02-04 17:36:45
thedodomen,342,joellgirl,509545044,JoEll Perry ੈ✩‧₊˚,2026-02-04 17:36:45
thedodomen,342,yu.ting,1345260409,Chen Ting,2026-02-04 17:36:45
thedodomen,342,ramihaha,218397464,蕾咪 Rami 🌍,2026-02-04 17:36:45
thedodomen,342,enjoytomyworld,200129738,LIN CHIAU WANG(Joy),2026-02-04 17:36:45
thedodomen,342,tojerryhan,49745398,Jerry Han,2026-02-04 17:36:45
thedodomen,342,weicutey,6447816,Ivy Chao,2026-02-04 17:36:45
thedodomen,342,im_yeah_hi,5873907693,烙野孩,2026-02-04 17:36:45
thedodomen,342,lurendy,1944515180,Rendy Lu,2026-02-04 17:36:45
thedodomen,342,jui0121,417706298,阿心,2026-02-04 17:36:45
thedodomen,342,mjfceo,281417058,瘦子E.SO,2026-02-04 17:36:45
thedodomen,342,nguyendinhchuong2408,8012332938,Chương Nguyễn,2026-02-04 17:36:45
thedodomen,342,awez_darbar,417927059,Awez Darbar,2026-02-04 17:36:45
thedodomen,342,queenatv92,2905016623,Youtube：昆娜 Queena TV,2026-02-04 17:36:45
thedodomen,342,elephant_gogo,484667815,小象愛出門,2026-02-04 17:36:45
thedodomen,342,sky9ce,201878923,Sky Wang,2026-02-04 17:36:45
thedodomen,342,jasoncheny,8973996,Jason Cheny,2026-02-04 17:36:45
thedodomen,342,lingjiepan,41932529,令Lean (壹加壹),2026-02-04 17:36:45
thedodomen,342,elizabenny,8321669,莎白 Elizabeth,2026-02-04 17:36:45
thedodomen,342,jesscomfarofa,8171610,Jess - 🇧🇷 Made in Brazil | 🇦🇺 Improved in Australia,2026-02-04 17:36:45
thedodomen,342,roundcandytv,640698379,圓糖混哪裡｜戶外旅行冒險家｜Adventure & Travel YouTuber,2026-02-04 17:36:45
thedodomen,342,ryouri_danshi.daily,46243536355,煮男日常,2026-02-04 17:36:45
thedodomen,342,netflixtw,3089327343,Netflix Taiwan,2026-02-04 17:36:45
thedodomen,342,jeannie1210666,2114505050,靖雯🐔 Jeannie,2026-02-04 17:36:45
thedodomen,342,tsgal24,31262418911,ㄧ朵菜玥🥦winnie,2026-02-04 17:36:45
thedodomen,342,jean_fierce,1476171532,Jean Yeh,2026-02-04 17:36:45
thedodomen,342,emma_kuo0303,358687664,佳佳兒,2026-02-04 17:36:45
thedodomen,342,bailingguo.hazel,47863186532,Hazel🦈,2026-02-04 17:36:45
thedodomen,342,kathrynyolo,28575889978,凱心琳 𝕂𝕒𝕥𝕙𝕣𝕪𝕟,2026-02-04 17:36:45
thedodomen,342,_abedesu,1482907978,𝑀𝑎𝑟𝑖𝑎 阿部瑪利亞,2026-02-04 17:36:45
thedodomen,342,xtina0505,214183441,Christina Mok 莫允雯,2026-02-04 17:36:45
thedodomen,342,renato_tsai,2636395455,Renato Tsai,2026-02-04 17:36:45
thedodomen,342,pinzi__,1468832087,品子,2026-02-04 17:36:45
thedodomen,342,blairechen,219651120,,2026-02-04 17:36:45
thedodomen,342,shenhong_99,543326512,SHEN HONG,2026-02-04 17:36:45
thedodomen,342,derektsl,271597614,林重鹹 Derek Lin,2026-02-04 17:36:45
thedodomen,342,benwoooo,191715892,Ben Wu 融融歷險記,2026-02-04 17:36:45
thedodomen,342,iletyou888,41068637592,簡少年,2026-02-04 17:36:45
thedodomen,342,jennifer_tu,270405241,雙語主持人Jennifer,2026-02-04 17:36:45
thedodomen,342,elun1020,1003669757,一輪🏊🏽‍♀️🚴🏾‍♀️🏃🏽‍♀️🤿⛰,2026-02-04 17:36:45
thedodomen,342,lioumonn,203189349,劉芒,2026-02-04 17:36:45
thedodomen,342,dena_chang,268011674,Dena (Dee-nah),2026-02-04 17:36:45
thedodomen,342,goodalicia,328949039,愛莉莎莎 Alisasa 🐨,2026-02-04 17:36:45
thedodomen,342,yyyy2626,472185249,呂康瑋,2026-02-04 17:36:45
thedodomen,342,bulgariatravelorg,4569363772,Visit Bulgaria,2026-02-04 17:36:45
thedodomen,342,iamdomineaux,51284697924,D O M I N E A U X,2026-02-04 17:36:45
thedodomen,342,followxiaofei,229658914,小飛 Xiaofei,2026-02-04 17:36:45
thedodomen,342,yuen_nnnnnn,42602521,WINNI/溫妮,2026-02-04 17:36:45
thedodomen,342,taipeieats,1455397262,TAIPEI  EATS,2026-02-04 17:36:45
thedodomen,342,ariel_tsai,35678521,Ariel Tsai 蔡佩軒,2026-02-04 17:36:45
thedodomen,342,grace.li_,40474896,Grace Li,2026-02-04 17:36:45
thedodomen,342,jaychang0127,328078093,張廉傑 RJ / 阿傑,2026-02-04 17:36:45
thedodomen,342,thisiskenyoung,169990,Ken Young,2026-02-04 17:36:45
thedodomen,342,kevin0204660,1247496433,莊酷炫,2026-02-04 17:36:45
thedodomen,342,zanitazanita,539276,Zanita Whittington,2026-02-04 17:36:45
thedodomen,342,look80462310,606875090,盧可沛 Look,2026-02-04 17:36:45
thedodomen,342,corrinelin0727,7354549547,于小文⁷｜新北國王啦啦隊,2026-02-04 17:36:45
thedodomen,342,xwfotolog,5887970497,Astrid,2026-02-04 17:36:45
thedodomen,342,tsaibrotherderboofan,8235379892,蔡哥,2026-02-04 17:36:45
thedodomen,342,huang.jung,1430780614,黃蓉,2026-02-04 17:36:45
thedodomen,342,dannybeeech,1387337609,丹妮婊姐星球,2026-02-04 17:36:45
thedodomen,342,andrew_patanie,1499663565,怡岑,2026-02-04 17:36:45
thedodomen,342,cellokoko,3614618472,Cellokoko 柯容軒,2026-02-04 17:36:45
thedodomen,342,liufang_mua,223488794,柳柳 Liu Fang,2026-02-04 17:36:45
thedodomen,342,piopiolee,4667080,李霈瑜 (大霈) Patty Lee,2026-02-04 17:36:45
thedodomen,342,joliechi,223228813,九粒 נσℓιε ⍢,2026-02-04 17:36:45
thedodomen,342,smaljohn,1711306,黃豪平,2026-02-04 17:36:45
thedodomen,342,hellohorlung,1415262772,賀瓏 Hello,2026-02-04 17:36:45
thedodomen,342,antongalsgaard,7412981750,Anton Galsgaard,2026-02-04 17:36:45
thedodomen,342,maryintower,2025462022,Mary,2026-02-04 17:36:45
thedodomen,342,imjingya,329621172,ㅈㅇ,2026-02-04 17:36:45
thedodomen,342,monday_rays,1095929489,展瑞 Monday Rays,2026-02-04 17:36:45
thedodomen,342,molly_chiang,1565365,莫莉 Molly Chiang,2026-02-04 17:36:45
thedodomen,342,linda.0720,1222891007,翾ㄒㄩㄢ,2026-02-04 17:36:45
thedodomen,342,mythekai,43881416307,凱文羊🐏,2026-02-04 17:36:45
thedodomen,342,frannie_171528,1564558259,,2026-02-04 17:36:45
thedodomen,342,kanova_211,1204373694,Kanova Lin,2026-02-04 17:36:45
thedodomen,342,oceangirl_sylvia,1271690101,Sylvia Wu ♡ 深深愛上愛妮島,2026-02-04 17:36:45
thedodomen,342,jeffrey0932,328938947,Han Jeffrey,2026-02-04 17:36:45
thedodomen,342,iyunhsiao_mua,1906845212,Iris Hsiao,2026-02-04 17:36:45
thedodomen,342,rhydianvaughan_official,8008526823,鳳小岳 Rhydian Vaughan,2026-02-04 17:36:45
thedodomen,342,tim.vando,2373527050,,2026-02-04 17:36:45
thedodomen,342,kling_0906_,2327545174,Lilian Kuo 月0,2026-02-04 17:36:45
thedodomen,342,joyce.bijl.9,1628819273,Joyce Bijl,2026-02-04 17:36:45
thedodomen,342,menghsuan_cute,539479869,Ruby宗 ꗯ꙼̈ 𖤐,2026-02-04 17:36:45
thedodomen,342,atotheda,233933685,A/DA阿達,2026-02-04 17:36:45
thedodomen,342,ryderfor3,264203052,彭尊,2026-02-04 17:36:45
thedodomen,342,dapunmusic,489881502,DAPUN 大胖,2026-02-04 17:36:45
thedodomen,342,jason__1130,580252091,蔡杰宏,2026-02-04 17:36:45
thedodomen,342,ping_h_h_,8017427564,歆評,2026-02-04 17:36:45
thedodomen,342,randytsaii,44666673,Randy 老菜,2026-02-04 17:36:45
thedodomen,342,leroywaretravelsolo,2235892706,Leroy Ware - Solo Journeys,2026-02-04 17:36:45
thedodomen,342,njtpe,30028937217,Eugene유진 / ᴀᴋɪ ɴ.,2026-02-04 17:36:45
thedodomen,342,ntinos_rodos,18771537622,Κωνσταντινος Ροδιτης,2026-02-04 17:36:45
thedodomen,342,ku0929,589763552,小顧 🄺🅄,2026-02-04 17:36:45
thedodomen,342,willynie,1024290337,Willy Nie,2026-02-04 17:36:45
thedodomen,342,rowenatsai,35699872,Rowena Tsai,2026-02-04 17:36:45
thedodomen,342,coach_ccli,4581603569,李智群,2026-02-04 17:36:45
thedodomen,342,nascabai,314675253,白瑜 心星占星,2026-02-04 17:36:45
thedodomen,342,linnatsiree,22407679,Celine Natsiree T,2026-02-04 17:36:45
thedodomen,342,w.pascoe_3,4712145919,Will Pascoe,2026-02-04 17:36:45
thedodomen,342,or.huang,4069783283,OR Huang,2026-02-04 17:36:45
thedodomen,342,im.stan,517660101,,2026-02-04 17:36:45
thedodomen,342,rachel.h_____,345607267,Rachel Huang,2026-02-04 17:36:45
thedodomen,342,9m88,737373127,9m88,2026-02-04 17:36:45
thedodomen,342,aonoya8287,270077113,↟Maggy Shih 施美加𖧨◭𖤕.. 旅行攻略指南｜創作者,2026-02-04 17:36:45
thedodomen,342,__chiehning_,1620546806,倢寧🐢🐢吳,2026-02-04 17:36:45
thedodomen,342,hkglocria,1510744975,KC,2026-02-04 17:36:45
thedodomen,342,9n_summer,211312203,𝒮𝓊𝓂𝓂𝑒𝓇 ☀️,2026-02-04 17:36:45
thedodomen,342,bryan023021041,1566193949,祚,2026-02-04 17:36:45
thedodomen,342,millerhsutw,352924605,徐鈞信 Miller Hsu,2026-02-04 17:36:45
thedodomen,342,crazy_man_jiaping,2175305656,晨灰,2026-02-04 17:36:45
thedodomen,342,_lyclycc,587676338,Lyc,2026-02-04 17:36:45
thedodomen,342,chance.s.emerson,180922210,Chance Emerson,2026-02-04 17:36:45
thedodomen,342,_te16,267405566,Eas-on,2026-02-04 17:36:45
thedodomen,342,ywc0920,343893814,Audrey Chin,2026-02-04 17:36:45
thedodomen,342,emmatzou,308304942,Emma  Tsou,2026-02-04 17:36:45
thedodomen,342,attorney_on_a_journey,5520894063,Francesca Chang,2026-02-04 17:36:45
thedodomen,342,alan_chen_1305,1351604827,Alan,2026-02-04 17:36:45
thedodomen,342,nicole_11200,451834031,Nicole妮可☀️葦涵,2026-02-04 17:36:45
thedodomen,342,issyiu_,4798406184,Didem,2026-02-04 17:36:45
thedodomen,342,tomas_tormenta,217172787,Tomas Yruegas,2026-02-04 17:36:45
thedodomen,342,n75103,5919374384,曾胖虎,2026-02-04 17:36:45
thedodomen,342,davis.chua,236607517,davis,2026-02-04 17:36:45
thedodomen,342,auudaa,892616787,Raudlah Hawin (auda) 安多哈,2026-02-04 17:36:45
thedodomen,342,mobuhsu,34760018,M,2026-02-04 17:36:45
thedodomen,342,qqhsiao,1491270451,凱文蕭,2026-02-04 17:36:45
thedodomen,342,cs33_kl,271133912,____Crystal S____,2026-02-04 17:36:45
thedodomen,342,chrissssmcc,12249125,馬崇智,2026-02-04 17:36:45
thedodomen,342,wu_beatrice,2207553024,Béatrice Wu,2026-02-04 17:36:45
thedodomen,342,naivetvcatw,1744067,,2026-02-04 17:36:45
thedodomen,342,xun0404,1997004980,xvntheone,2026-02-04 17:36:45
thedodomen,342,russellhuang_,363594748,Russell Huang,2026-02-04 17:36:45
thedodomen,342,maggiemgau,5537956,Maggie Gau,2026-02-04 17:36:45
thedodomen,342,pen__1995,766104034,,2026-02-04 17:36:45
thedodomen,342,jung_0709,1095553915,Audrey Chen,2026-02-04 17:36:45
thedodomen,342,fellalx,646920920,Fella 劉雪英,2026-02-04 17:36:45
thedodomen,342,you_chen0622,1469145696,郭宥臣,2026-02-04 17:36:45
thedodomen,342,guaiguairung,1813880239,GuaiGuai,2026-02-04 17:36:45
thedodomen,342,thederekhwang,4406384950,Derek Hwang,2026-02-04 17:36:45
thedodomen,342,amigo_500lb,1756937835,Amigo,2026-02-04 17:36:45
thedodomen,342,sd_bena,1117146603,𝐁𝐞𝐧𝐚,2026-02-04 17:36:45
thedodomen,342,tungwenyang,311187389,Claire Yang,2026-02-04 17:36:45
thedodomen,342,chancetea,246617539,Tia Chen,2026-02-04 17:36:45
thedodomen,342,yumi_880828,3691124621,Han Zhoung,2026-02-04 17:36:45
thedodomen,342,weiling_ch,254072635,,2026-02-04 17:36:45
thedodomen,342,tiff_yl,1224848364,Tiffany Liao,2026-02-04 17:36:45
thedodomen,342,_maruko0918_,15132431940,洪佑甄,2026-02-04 17:36:45
thedodomen,342,slzx21226762,1697044895,品心,2026-02-04 17:36:45
thedodomen,342,emily.kuowen,1462765203,Emily Kuo,2026-02-04 17:36:45
thedodomen,342,alinna.dec,1792516651,Alinna,2026-02-04 17:36:45
thedodomen,342,desertrose1124,24994494,,2026-02-04 17:36:45
thedodomen,342,bookerliao_,1300224516,Booker,2026-02-04 17:36:45
thedodomen,342,arieldingstagram,3647822597,Ariel Ding,2026-02-04 17:36:45
thedodomen,342,jackiedill1,41861227,Jackie Dillon,2026-02-04 17:36:45
thedodomen,342,hua__1213,339336295,Hua,2026-02-04 17:36:45
thedodomen,342,may_en_0501,4300463455,美恩🌝,2026-02-04 17:36:45
thedodomen,342,apri1_chouu,535812640,April Chou,2026-02-04 17:36:45
thedodomen,342,kuochenglien,1958877996,Kuo Cheng,2026-02-04 17:36:45
thedodomen,342,kuyu_puidan,3666326778,Kuyu Puidan / John / Ljages / กูอยู่,2026-02-04 17:36:45
thedodomen,342,alick120,1813612005,Weichen Liu,2026-02-04 17:36:45
thedodomen,342,sally_hsieh_,427032453,謝 逸萱,2026-02-04 17:36:45
thedodomen,342,510arra061,2249282652,綺,2026-02-04 17:36:45
thedodomen,342,hungkai0427,1777898535,蘇竑愷🥛,2026-02-04 17:36:45
thedodomen,342,cryen_,2944289529,Ru Yen,2026-02-04 17:36:45
thedodomen,342,a9360913,1182633491,李家瑩,2026-02-04 17:36:45
thedodomen,342,takahiro_chatani,1256927805,Takahiro Chatani,2026-02-04 17:36:45
thedodomen,342,megwu___,1416540889,Meg,2026-02-04 17:36:45
thedodomen,342,zzzdraw,974126192,Zzzdraw,2026-02-04 17:36:45
thedodomen,342,devin_we,4239257011,Devin,2026-02-04 17:36:45
thedodomen,342,ystien.april,2208572926,JUS 연석,2026-02-04 17:36:45
thedodomen,342,nini_tai,40114858,,2026-02-04 17:36:45
thedodomen,342,jlee.tw,262689064,J. Lee,2026-02-04 17:36:45
thedodomen,342,chenairbrain,1472320288,Iris Chen,2026-02-04 17:36:45
thedodomen,342,w______5063,2076931043,,2026-02-04 17:36:45
thedodomen,342,paypay.lin,3076901932,,2026-02-04 17:36:45
thedodomen,342,hazell22_nut,2691880020,𝙃𝙖𝙯𝙚𝙡,2026-02-04 17:36:45
thedodomen,342,186.7mac,352707008,Mac W. Sun,2026-02-04 17:36:45
thedodomen,342,leona414349,275864630,蕾澳娜 Leona🎈,2026-02-04 17:36:45
thedodomen,342,hsin_cheng_,1113939246,Kaylee,2026-02-04 17:36:45
thedodomen,342,aastridcylu,349010304,陳🐟,2026-02-04 17:36:45
thedodomen,342,flavio.noriega,1461019298,Flavio Noriega,2026-02-04 17:36:45
thedodomen,342,boldrenee,617541383,Renée,2026-02-04 17:36:45
thedodomen,342,dobry_den12,1087377114,,2026-02-04 17:36:45
thedodomen,342,jffer_hu_31,7012084105,Jffer,2026-02-04 17:36:45
thedodomen,342,0609_kulang,3653874356,,2026-02-04 17:36:45
thedodomen,342,pantophobia_1213,2020256224,祺Victor,2026-02-04 17:36:45
thedodomen,342,kennith731,4339805562,許潪銘,2026-02-04 17:36:45
thedodomen,342,tifffatswan,597617808,,2026-02-04 17:36:45
thedodomen,342,nikilindstrom,29108958,Niki Lindström,2026-02-04 17:36:45
thedodomen,342,juliet_qh,1796220598,Julieta Qh,2026-02-04 17:36:45
thedodomen,342,iris25836,288213576,趙辰鳴,2026-02-04 17:36:45
thedodomen,342,vvnnn_1204,1057151973,薇安 VVN,2026-02-04 17:36:45
thedodomen,342,yuchi880720,641215063,蘇郁淇,2026-02-04 17:36:45
thedodomen,342,yien_1003,3035597708,Martina Chen,2026-02-04 17:36:45
thedodomen,342,lynnn_0203,1548519024,,2026-02-04 17:36:45
thedodomen,342,wanderingdervishhh,55827430543,Sal,2026-02-04 17:36:45
thedodomen,342,kuo55378,6074436130,郭朝竣,2026-02-04 17:36:45
thedodomen,342,en.d.line,6816456396,Endline,2026-02-04 17:36:45
thedodomen,342,a_y_s_0416,1354410996,𝒶𝓂𝒶𝓃𝒹𝒶 🫥,2026-02-04 17:36:45
thedodomen,342,yu.wen.chen,1906531121,陳,2026-02-04 17:36:45
thedodomen,342,_ny.72,7102622128,,2026-02-04 17:36:45
thedodomen,342,alisa_chowwwwww,1493601988,,2026-02-04 17:36:45
thedodomen,342,im.noname.tw,4579054291,無名,2026-02-04 17:36:45
thedodomen,342,yuchunnnnn,556344195,jean,2026-02-04 17:36:45
thedodomen,342,janice.yeva,32429726511,蔡喬真　マナ,2026-02-04 17:36:45
thedodomen,342,yachi_525,1526996044,,2026-02-04 17:36:45
thedodomen,342,jbaoo_,1784390322,蔣季宸,2026-02-04 17:36:45
thedodomen,342,xin_rawwwww07,1258480017,xin yi,2026-02-04 17:36:45
thedodomen,342,ellieane.r__,7379233234,⍤,2026-02-04 17:36:45
thedodomen,342,yu_xuan_0.0,2138287572,簡佑軒,2026-02-04 17:36:45
thedodomen,342,wch_jacky,198417841,Jacky Wu,2026-02-04 17:36:45
thedodomen,342,ctlee.329,1970509670,李育承,2026-02-04 17:36:45
thedodomen,342,wen_zi_0806,51402933302,溫均慈,2026-02-04 17:36:45
thedodomen,342,chia1215,6759443175,珈,2026-02-04 17:36:45
thedodomen,342,fergaral,278629185,Fer Garcia,2026-02-04 17:36:45
thedodomen,342,chingooyong,3055102242,chingooyong,2026-02-04 17:36:45
thedodomen,342,liu_yuwen,1939299669,劉宇雯,2026-02-04 17:36:45
thedodomen,342,william__0110,1210302137,William | 劉萬濰,2026-02-04 17:36:45
thedodomen,342,kr_s0115,34880840925,Shu Kuribayashi,2026-02-04 17:36:45
thedodomen,342,zaza_nrt,48882560903,𝗠𝗲𝗹𝗼𝗻🍈,2026-02-04 17:36:45
thedodomen,342,amyking1102,1490357493,靖雯 Ching Wen です,2026-02-04 17:36:45
thedodomen,342,aysel.then,2100858360,Aysel Then,2026-02-04 17:36:45
thedodomen,342,fungo1012,1414560298,禎祺,2026-02-04 17:36:45
thedodomen,342,samm_gr,40224250,Sam Grez,2026-02-04 17:36:45
thedodomen,342,martinnggg,3173581345,Martin,2026-02-04 17:36:45
thedodomen,342,smart_0513,794727257,Willy Chang,2026-02-04 17:36:45
thedodomen,342,marcin_yvr,19993232,Marcin,2026-02-04 17:36:45
thedodomen,342,salvia_hispanica_,6723884367,Chia,2026-02-04 17:36:45
thedodomen,342,cn.benjamin._,1996894838,,2026-02-04 17:36:45
thedodomen,342,no.55_hostel,4192851408,55據點,2026-02-04 17:36:45
thedodomen,342,youtubefanfest,386673780,YouTube Fanfest,2026-02-04 17:36:45
thedodomen,342,polrao,1691262122,Pablo Ramírez Olivieri,2026-02-04 17:36:45
thedodomen,342,tszrung,2203557650,Tszrung Huang,2026-02-04 17:36:45
