派系名稱,成員總數,核心領袖,所有成員
A,69,阿滴英文,Campfire營火部落 | How-Fun-如何爽 | 辣媽Shania | 電瀨少女-女孩的科技日常 | 阿滴英文 | DE-JuN | 尤汐伯夷 | PanSci-泛科學 | 厭世甜點店 | 鵝鵝就是鵝鵝 | 希露弟弟啃雞腿 | 人類超有病-Baxuan | 蛋事超有事EggThings | 超粒方 | 莊政威-Cliff-Chuang | Lilyflute長笛姐姐 | 三個麻瓜 | Onion-man-洋蔥先生與阿文 | Coffee-Time | 貝莉莓 | 廉傑克曼 | 牛排 | Six-Wang | 台灣妞韓國媳 | 那那大師 | 魔術Channel---Davio | 木曜4超玩 | 鐵牛-Ironbull | 吃貨豪豪 | 麻糬爸 | Gary蓋瑞 | 囂搞-Shaogao | 上發條俱樂部 | 廚佛瑞德Fred | Ru's-Piano-Ru味春捲 | J-Bao賤葆 | 魯蛋的頻道 | 黃氏兄弟 | IFBB-Pro-Lin-Ching-Chieh-林敬傑 | 台灣吧 | 人生肥宅x尊 | 魚乾 | 蔡哥 | 我得了一種吃菜就會死的病-微疼 | 艾爾文 | Linzin-阿哲 | 志祺七七 | 小尾巴 | 超認真少年-I'm-Serious | 胡子Huz | LoganDBeck-小貝 | 現在宅知道 | 阿啾繪圖同萌 | High咖-邱志恒 | 大蛇丸 | 健人蓋伊 | Jason-Chen-陳以桐 | 貓貓蟲-咖波 | 蕭志瑋 | KEOKI-BLACK布萊克薛薛 | MR.JOE-HOBBY.tv | 鼻妹的廢話亂畫 | HahaTai-哈哈台 | SMG-Sirenia海牛 | cheap-鄭才暐 | 啾啾妹-by-LIIN | 星期天 | 鹿人 | 連環泡有芒果
B,63,一隻阿圓,可可酒精 | 卡特-Kart | 愛里 | 邱沁宜 | Ian&Eric | 日本藥妝失心瘋 | Yun-Chou | 欸你這週要幹嘛 | 肉肉Neneko | 丹妮婊姐 | Goris-Sky | MaoMaoTV | BlaireChen-左撇子 | 許允樂的老兵魂 | GINA-HELLO! | 處女座媽媽的瑣碎日常 | 小A辣 | Sandy-&-Mandy | 百變沛莉-Peri | 三原慧悟-Sanyuan_JAPAN | 陳彥婷 | 安啾咪 | PEETA葛格 | 飽妮 | HOOK | 強運少女日本日記RU-in-Japan/ | 愛莉莎莎-Alisasa | 崔咪Tramy | Evelyn-Chen-理科太太 | 江老師 | 77老大 | Emma艾瑪 | 林萱-Shiuan | 小象愛出門 | 蘿潔塔的廚房 | 白癡公主 | 肉比頭Zoebitalk | 找蔬食-Traveggo | 莫彩曦Hailey | Peter-Su | 兔女狼 | 痘疤醫生---莊盈彥醫師 | 阿翰po影片 | Ines-Wang | 黃山料 | 林進-飛醺卑鄙-fashion-baby | 周小葳 | 融融歷險記-Ben’s-Adventure | 小凱老師 | Patti-Huang | Cindy-H | 那個女生-Kiki | Meg-今天穿什麼 | Charlene-Liu-查理 | 關韶文 | 紫玥桃 | 見習網美小吳 | 村子裡的凱莉哥 | Natalie吳斐莉 | 一隻阿圓 | 黃小米-Mii | 紀卜心-Kimi | 黃大謙
C,40,Joeman,Men's-Game-玩物誌 | 虎麗笑嗨嗨 | 林淑芬2.0 | 含羞草日記 | 泥泥汝niniru | 咪妃Julia | 那對夫妻 | 元-元 | Sunnie-陸筱晴 | 我是阿樂-林妤臻 | 小葵-XiaoKui | 閃電狼Flash-Wolves | 阿慈車庫-Dream-garage | 羚小鹿 | 小熊-Yuniko | Sandy-珊迪 | 琳妲-林羿禎 | 羅小白 | Lobo-蘿蔔 | Joeman | 這群人TGOP | 3cTim哥生活的日常 | 豹子腿方昶詠 | 老王愛說笑 | 那些電影教我的事 | 籃靖玟 | 英雄日常Heroisme | 崔&雪莉&Jon | 黃帝筱清Virus | Aries艾瑞絲 | 大H-陳建昕 | 瑀熙-Yuci | 依梨 | Andy老師 | Candy-孟潔 | 恩熙俊-aka-MC-Jeng | 這群人-董仔 | 這群人-尼克 | 王宏哲教養、育兒寶典 | 有璟妍精요찡옌찡
D,20,千千進食中,鬧著玩娛樂 | 黃阿瑪的後宮生活 | 波蘭女孩x台灣男孩-在家環遊世界 | 我是老爸-我不要當爸! | 千千進食中 | 柴犬Nana和阿楞的一天 | 好味小姐 | Mom-&-Dad | 泱泱LYNN | 嘎嫂二伯 | 彼得爸與蘇珊媽 | 喪屍老爸 | Ciao!-Kitchen | Bobo-TV | 蔡阿嘎 | 滴妹 | 傲嬌爸的養貓日常 | 豆漿--Soybean-Milk | 蔡桃貴 | 阿淇博士-Dr.Achi
E,1,丁特-Dinter,丁特-Dinter
F,1,雨揚樂活家族,雨揚樂活家族
G,1,星光奈奈,星光奈奈
H,1,Wecook123-料理123,Wecook123-料理123
I,1,史丹利視角的體育世界,史丹利視角的體育世界
J,1,胡采蘋-Emmy-Hu,胡采蘋-Emmy-Hu
K,1,維思維,維思維
L,1,老王-oldwang,老王-oldwang
